group,function,value,throughput_num,throughput_type,sample_measured_value,unit,iteration_count
Zero Area Checks,any_rectangle_zero_area,,,,1073700.0,ns,49
Zero Area Checks,any_rectangle_zero_area,,,,2654800.0,ns,98
Zero Area Checks,any_rectangle_zero_area,,,,3389600.0,ns,147
Zero Area Checks,any_rectangle_zero_area,,,,4601900.0,ns,196
Zero Area Checks,any_rectangle_zero_area,,,,8218900.0,ns,245
Zero Area Checks,any_rectangle_zero_area,,,,6298300.0,ns,294
Zero Area Checks,any_rectangle_zero_area,,,,7327000.0,ns,343
Zero Area Checks,any_rectangle_zero_area,,,,8881100.0,ns,392
Zero Area Checks,any_rectangle_zero_area,,,,9680300.0,ns,441
Zero Area Checks,any_rectangle_zero_area,,,,10176800.0,ns,490
Zero Area Checks,any_rectangle_zero_area,,,,11949800.0,ns,539
Zero Area Checks,any_rectangle_zero_area,,,,12652300.0,ns,588
Zero Area Checks,any_rectangle_zero_area,,,,13850300.0,ns,637
Zero Area Checks,any_rectangle_zero_area,,,,14019100.0,ns,686
Zero Area Checks,any_rectangle_zero_area,,,,15239500.0,ns,735
Zero Area Checks,any_rectangle_zero_area,,,,16558700.0,ns,784
Zero Area Checks,any_rectangle_zero_area,,,,17056000.0,ns,833
Zero Area Checks,any_rectangle_zero_area,,,,18377000.0,ns,882
Zero Area Checks,any_rectangle_zero_area,,,,18493800.0,ns,931
Zero Area Checks,any_rectangle_zero_area,,,,20651700.0,ns,980
Zero Area Checks,any_rectangle_zero_area,,,,22042800.0,ns,1029
Zero Area Checks,any_rectangle_zero_area,,,,21817100.0,ns,1078
Zero Area Checks,any_rectangle_zero_area,,,,22752400.0,ns,1127
Zero Area Checks,any_rectangle_zero_area,,,,23481700.0,ns,1176
Zero Area Checks,any_rectangle_zero_area,,,,24687300.0,ns,1225
Zero Area Checks,any_rectangle_zero_area,,,,27649400.0,ns,1274
Zero Area Checks,any_rectangle_zero_area,,,,27115200.0,ns,1323
Zero Area Checks,any_rectangle_zero_area,,,,28118600.0,ns,1372
Zero Area Checks,any_rectangle_zero_area,,,,28390100.0,ns,1421
Zero Area Checks,any_rectangle_zero_area,,,,29722000.0,ns,1470
Zero Area Checks,any_rectangle_zero_area,,,,30545200.0,ns,1519
Zero Area Checks,any_rectangle_zero_area,,,,31882900.0,ns,1568
Zero Area Checks,any_rectangle_zero_area,,,,33111700.0,ns,1617
Zero Area Checks,any_rectangle_zero_area,,,,34209800.0,ns,1666
Zero Area Checks,any_rectangle_zero_area,,,,34681000.0,ns,1715
Zero Area Checks,any_rectangle_zero_area,,,,35862700.0,ns,1764
Zero Area Checks,any_rectangle_zero_area,,,,37018400.0,ns,1813
Zero Area Checks,any_rectangle_zero_area,,,,38230400.0,ns,1862
Zero Area Checks,any_rectangle_zero_area,,,,39281000.0,ns,1911
Zero Area Checks,any_rectangle_zero_area,,,,40272800.0,ns,1960
Zero Area Checks,any_rectangle_zero_area,,,,40672600.0,ns,2009
Zero Area Checks,any_rectangle_zero_area,,,,41768100.0,ns,2058
Zero Area Checks,any_rectangle_zero_area,,,,43950700.0,ns,2107
Zero Area Checks,any_rectangle_zero_area,,,,45131800.0,ns,2156
Zero Area Checks,any_rectangle_zero_area,,,,44144300.0,ns,2205
Zero Area Checks,any_rectangle_zero_area,,,,46696000.0,ns,2254
Zero Area Checks,any_rectangle_zero_area,,,,52890400.0,ns,2303
Zero Area Checks,any_rectangle_zero_area,,,,49584900.0,ns,2352
Zero Area Checks,any_rectangle_zero_area,,,,48948100.0,ns,2401
Zero Area Checks,any_rectangle_zero_area,,,,51241200.0,ns,2450
Zero Area Checks,any_rectangle_zero_area,,,,52654300.0,ns,2499
Zero Area Checks,any_rectangle_zero_area,,,,51609200.0,ns,2548
Zero Area Checks,any_rectangle_zero_area,,,,54607400.0,ns,2597
Zero Area Checks,any_rectangle_zero_area,,,,52948900.0,ns,2646
Zero Area Checks,any_rectangle_zero_area,,,,53879800.0,ns,2695
Zero Area Checks,any_rectangle_zero_area,,,,55499000.0,ns,2744
Zero Area Checks,any_rectangle_zero_area,,,,56255400.0,ns,2793
Zero Area Checks,any_rectangle_zero_area,,,,56993700.0,ns,2842
Zero Area Checks,any_rectangle_zero_area,,,,57907100.0,ns,2891
Zero Area Checks,any_rectangle_zero_area,,,,58952200.0,ns,2940
Zero Area Checks,any_rectangle_zero_area,,,,60442200.0,ns,2989
Zero Area Checks,any_rectangle_zero_area,,,,64044900.0,ns,3038
Zero Area Checks,any_rectangle_zero_area,,,,62006300.0,ns,3087
Zero Area Checks,any_rectangle_zero_area,,,,63324100.0,ns,3136
Zero Area Checks,any_rectangle_zero_area,,,,64873800.0,ns,3185
Zero Area Checks,any_rectangle_zero_area,,,,65467300.0,ns,3234
Zero Area Checks,any_rectangle_zero_area,,,,66462200.0,ns,3283
Zero Area Checks,any_rectangle_zero_area,,,,66754600.0,ns,3332
Zero Area Checks,any_rectangle_zero_area,,,,68984100.0,ns,3381
Zero Area Checks,any_rectangle_zero_area,,,,73072800.0,ns,3430
Zero Area Checks,any_rectangle_zero_area,,,,69896700.0,ns,3479
Zero Area Checks,any_rectangle_zero_area,,,,71105800.0,ns,3528
Zero Area Checks,any_rectangle_zero_area,,,,72561700.0,ns,3577
Zero Area Checks,any_rectangle_zero_area,,,,73913100.0,ns,3626
Zero Area Checks,any_rectangle_zero_area,,,,74429300.0,ns,3675
Zero Area Checks,any_rectangle_zero_area,,,,75641100.0,ns,3724
Zero Area Checks,any_rectangle_zero_area,,,,76086100.0,ns,3773
Zero Area Checks,any_rectangle_zero_area,,,,77016800.0,ns,3822
Zero Area Checks,any_rectangle_zero_area,,,,79690000.0,ns,3871
Zero Area Checks,any_rectangle_zero_area,,,,79200200.0,ns,3920
Zero Area Checks,any_rectangle_zero_area,,,,80850200.0,ns,3969
Zero Area Checks,any_rectangle_zero_area,,,,80151900.0,ns,4018
Zero Area Checks,any_rectangle_zero_area,,,,84777500.0,ns,4067
Zero Area Checks,any_rectangle_zero_area,,,,83049400.0,ns,4116
Zero Area Checks,any_rectangle_zero_area,,,,85698200.0,ns,4165
Zero Area Checks,any_rectangle_zero_area,,,,85992100.0,ns,4214
Zero Area Checks,any_rectangle_zero_area,,,,86650200.0,ns,4263
Zero Area Checks,any_rectangle_zero_area,,,,87492500.0,ns,4312
Zero Area Checks,any_rectangle_zero_area,,,,89034500.0,ns,4361
Zero Area Checks,any_rectangle_zero_area,,,,88552300.0,ns,4410
Zero Area Checks,any_rectangle_zero_area,,,,91159300.0,ns,4459
Zero Area Checks,any_rectangle_zero_area,,,,91408300.0,ns,4508
Zero Area Checks,any_rectangle_zero_area,,,,91462400.0,ns,4557
Zero Area Checks,any_rectangle_zero_area,,,,93371300.0,ns,4606
Zero Area Checks,any_rectangle_zero_area,,,,94367900.0,ns,4655
Zero Area Checks,any_rectangle_zero_area,,,,94827300.0,ns,4704
Zero Area Checks,any_rectangle_zero_area,,,,97094900.0,ns,4753
Zero Area Checks,any_rectangle_zero_area,,,,96679400.0,ns,4802
Zero Area Checks,any_rectangle_zero_area,,,,98944600.0,ns,4851
Zero Area Checks,any_rectangle_zero_area,,,,98669200.0,ns,4900
